{
  "metadata": {
    "timestamp": "2025-10-29T06:04:35.321Z",
    "platform": "linux",
    "nodeVersion": "v22.19.0"
  },
  "benchmarks": {
    "entity-creation-10000": {
      "iterations": 10,
      "timing": {
        "min": 0.5779110000000003,
        "max": 1.9799579999999999,
        "mean": 1.2203704999999996,
        "median": 1.1551619999999971,
        "p95": 1.9799579999999999,
        "p99": 1.9799579999999999
      },
      "memory": null
    },
    "entity-creation-with-components-1000": {
      "iterations": 10,
      "timing": {
        "min": 0.17996700000000487,
        "max": 1.1935500000000019,
        "mean": 0.3349988000000003,
        "median": 0.1983549999999994,
        "p95": 1.1935500000000019,
        "p99": 1.1935500000000019
      },
      "memory": null
    },
    "ecs-query-1000-entities": {
      "iterations": 100,
      "timing": {
        "min": 0.20105399999999918,
        "max": 0.9444489999999988,
        "mean": 0.2912191500000004,
        "median": 0.2146149999999949,
        "p95": 0.697217000000002,
        "p99": 0.9444489999999988
      },
      "memory": null
    },
    "ecs-query-100-entities-cached": {
      "iterations": 50,
      "timing": {
        "min": 0.02553100000000086,
        "max": 0.0765739999999937,
        "mean": 0.028390579999999943,
        "median": 0.02644499999999539,
        "p95": 0.04031600000000424,
        "p99": 0.0765739999999937
      },
      "memory": null
    },
    "ecs-query-500-entities-cached": {
      "iterations": 50,
      "timing": {
        "min": 0.08618400000000292,
        "max": 0.6001839999999987,
        "mean": 0.1393390600000012,
        "median": 0.11345400000000438,
        "p95": 0.24018700000000592,
        "p99": 0.6001839999999987
      },
      "memory": null
    },
    "ecs-query-1000-entities-cached": {
      "iterations": 50,
      "timing": {
        "min": 0.12104999999999677,
        "max": 0.6312779999999947,
        "mean": 0.15454605999999985,
        "median": 0.12546600000000296,
        "p95": 0.28752500000000225,
        "p99": 0.6312779999999947
      },
      "memory": null
    },
    "ecs-query-2000-entities-cached": {
      "iterations": 50,
      "timing": {
        "min": 0.248636999999988,
        "max": 1.0915549999999996,
        "mean": 0.317050340000001,
        "median": 0.26403799999999933,
        "p95": 0.6732000000000085,
        "p99": 1.0915549999999996
      },
      "memory": null
    },
    "component-access-1000-lookups": {
      "iterations": 50,
      "timing": {
        "min": 0.0878409999999974,
        "max": 0.5270280000000014,
        "mean": 0.14260629999999908,
        "median": 0.10122799999999188,
        "p95": 0.3520329999999916,
        "p99": 0.5270280000000014
      },
      "memory": null
    },
    "physics-movement-100-entities": {
      "iterations": 20,
      "timing": {
        "min": 0.039810000000017,
        "max": 0.214981999999992,
        "mean": 0.11001529999999989,
        "median": 0.12510400000002164,
        "p95": 0.214981999999992,
        "p99": 0.214981999999992
      },
      "memory": null
    },
    "physics-movement-500-entities": {
      "iterations": 20,
      "timing": {
        "min": 0.19796699999997713,
        "max": 0.29898900000000594,
        "mean": 0.21955554999999832,
        "median": 0.20932300000001192,
        "p95": 0.29898900000000594,
        "p99": 0.29898900000000594
      },
      "memory": null
    },
    "physics-movement-1000-entities": {
      "iterations": 20,
      "timing": {
        "min": 0.3537540000000092,
        "max": 0.8417149999999936,
        "mean": 0.42956844999999644,
        "median": 0.4036779999999851,
        "p95": 0.8417149999999936,
        "p99": 0.8417149999999936
      },
      "memory": null
    },
    "physics-collision-50-entities": {
      "iterations": 20,
      "timing": {
        "min": 0.26831599999999867,
        "max": 0.9647339999999929,
        "mean": 0.49741729999999934,
        "median": 0.4067490000000191,
        "p95": 0.9647339999999929,
        "p99": 0.9647339999999929
      },
      "memory": null
    },
    "physics-collision-100-entities": {
      "iterations": 20,
      "timing": {
        "min": 0.5545759999999973,
        "max": 1.324389999999994,
        "mean": 0.6542496500000027,
        "median": 0.5851680000000101,
        "p95": 1.324389999999994,
        "p99": 1.324389999999994
      },
      "memory": null
    },
    "physics-collision-200-entities": {
      "iterations": 20,
      "timing": {
        "min": 1.1091949999999997,
        "max": 1.7909019999999884,
        "mean": 1.3557461499999974,
        "median": 1.3194660000000056,
        "p95": 1.7909019999999884,
        "p99": 1.7909019999999884
      },
      "memory": null
    },
    "physics-collision-500-entities": {
      "iterations": 20,
      "timing": {
        "min": 3.424369000000013,
        "max": 6.14846399999999,
        "mean": 4.189659799999997,
        "median": 3.9947850000000074,
        "p95": 6.14846399999999,
        "p99": 6.14846399999999
      },
      "memory": null
    },
    "adaptive-audio-infiltration": {
      "iterations": 100,
      "timing": {
        "min": 0.002701999999999316,
        "max": 0.006192999999996118,
        "mean": 0.0028543399999995246,
        "median": 0.0027910000000019863,
        "p95": 0.003153999999994994,
        "p99": 0.006192999999996118
      },
      "memory": null,
      "transitionSample": [
        {
          "from": "ambient",
          "to": "stealth",
          "timestamp": 1761717875606
        },
        {
          "from": "stealth",
          "to": "alert",
          "timestamp": 1761717875606
        },
        {
          "from": "alert",
          "to": "combat",
          "timestamp": 1761717875606
        },
        {
          "from": "combat",
          "to": "alert",
          "timestamp": 1761717875606
        },
        {
          "from": "alert",
          "to": "stealth",
          "timestamp": 1761717875606
        },
        {
          "from": "stealth",
          "to": "ambient",
          "timestamp": 1761717875606
        }
      ],
      "transitionCount": 6,
      "context": {
        "stateSequence": [
          "stealth",
          "alert",
          "combat",
          "alert",
          "stealth",
          "ambient"
        ]
      }
    },
    "rendering-sort-cull-100-sprites": {
      "iterations": 50,
      "timing": {
        "min": 0.016184000000009746,
        "max": 0.08095499999996036,
        "mean": 0.026559940000003054,
        "median": 0.02255299999995941,
        "p95": 0.0544259999999781,
        "p99": 0.08095499999996036
      },
      "memory": null
    },
    "rendering-sort-cull-500-sprites": {
      "iterations": 50,
      "timing": {
        "min": 0.05056200000001354,
        "max": 0.47242599999998447,
        "mean": 0.09695172000000297,
        "median": 0.08540900000002694,
        "p95": 0.16640200000000505,
        "p99": 0.47242599999998447
      },
      "memory": null
    },
    "rendering-sort-cull-1000-sprites": {
      "iterations": 50,
      "timing": {
        "min": 0.10441500000001724,
        "max": 0.12895500000001903,
        "mean": 0.10959606000000577,
        "median": 0.10767800000002126,
        "p95": 0.12341000000003532,
        "p99": 0.12895500000001903
      },
      "memory": null
    },
    "rendering-sort-cull-2000-sprites": {
      "iterations": 50,
      "timing": {
        "min": 0.21460000000001855,
        "max": 0.6896370000000047,
        "mean": 0.24881474000000253,
        "median": 0.2235340000000292,
        "p95": 0.3376969999999915,
        "p99": 0.6896370000000047
      },
      "memory": null
    },
    "rendering-layer-operations": {
      "iterations": 100,
      "timing": {
        "min": 0.025923999999974967,
        "max": 0.5349359999999592,
        "mean": 0.06033906000000172,
        "median": 0.06545899999997573,
        "p95": 0.08531900000002679,