{
  "metadata": {
    "timestamp": "2025-10-26T16:47:31.389Z",
    "platform": "linux",
    "nodeVersion": "v22.19.0"
  },
  "benchmarks": {
    "entity-creation-10000": {
      "iterations": 10,
      "timing": {
        "min": 0.7038179999999841,
        "max": 1.6403179999999793,
        "mean": 1.2175737000000026,
        "median": 1.3264710000000264,
        "p95": 1.6403179999999793,
        "p99": 1.6403179999999793
      },
      "memory": null
    },
    "entity-creation-with-components-1000": {
      "iterations": 10,
      "timing": {
        "min": 0.17302599999999302,
        "max": 0.30108200000000807,
        "mean": 0.2119958999999966,
        "median": 0.19210599999999545,
        "p95": 0.30108200000000807,
        "p99": 0.30108200000000807
      },
      "memory": null
    },
    "ecs-query-1000-entities": {
      "iterations": 100,
      "timing": {
        "min": 0.13844000000000278,
        "max": 0.7536719999999946,
        "mean": 0.19639771999999653,
        "median": 0.14932899999996607,
        "p95": 0.42808100000002014,
        "p99": 0.7536719999999946
      },
      "memory": null
    },
    "ecs-query-100-entities-cached": {
      "iterations": 50,
      "timing": {
        "min": 0.019730000000038217,
        "max": 0.13695300000000543,
        "mean": 0.04172182000000589,
        "median": 0.0429709999999659,
        "p95": 0.0997899999999845,
        "p99": 0.13695300000000543
      },
      "memory": null
    },
    "ecs-query-500-entities-cached": {
      "iterations": 50,
      "timing": {
        "min": 0.07740999999998621,
        "max": 0.13117899999997462,
        "mean": 0.08475323999998864,
        "median": 0.07938400000000456,
        "p95": 0.12253099999998085,
        "p99": 0.13117899999997462
      },
      "memory": null
    },
    "ecs-query-1000-entities-cached": {
      "iterations": 50,
      "timing": {
        "min": 0.10361700000009932,
        "max": 0.5797300000000405,
        "mean": 0.17426646000000118,
        "median": 0.14563999999995758,
        "p95": 0.5153719999999566,
        "p99": 0.5797300000000405
      },
      "memory": null
    },
    "ecs-query-2000-entities-cached": {
      "iterations": 50,
      "timing": {
        "min": 0.20714399999997113,
        "max": 1.092068999999924,
        "mean": 0.3187921999999935,
        "median": 0.22996899999998277,
        "p95": 0.8059680000000071,
        "p99": 1.092068999999924
      },
      "memory": null
    },
    "component-access-1000-lookups": {
      "iterations": 50,
      "timing": {
        "min": 0.08483300000000327,
        "max": 0.6152110000000448,
        "mean": 0.10377838000000338,
        "median": 0.08786200000008648,
        "p95": 0.13524000000006708,
        "p99": 0.6152110000000448
      },
      "memory": null
    },
    "physics-movement-100-entities": {
      "iterations": 20,
      "timing": {
        "min": 0.031716000000187705,
        "max": 0.12440199999991819,
        "mean": 0.07852234999999155,
        "median": 0.07226700000001074,
        "p95": 0.12440199999991819,
        "p99": 0.12440199999991819
      },
      "memory": null
    },
    "physics-movement-500-entities": {
      "iterations": 20,
      "timing": {
        "min": 0.11066599999981008,
        "max": 0.7486059999998815,
        "mean": 0.19217604999997775,
        "median": 0.12637900000004265,
        "p95": 0.7486059999998815,
        "p99": 0.7486059999998815
      },
      "memory": null
    },
    "physics-movement-1000-entities": {
      "iterations": 20,
      "timing": {
        "min": 0.16509500000006483,
        "max": 0.19881599999985156,
        "mean": 0.1729777500000182,
        "median": 0.16797799999994822,
        "p95": 0.19881599999985156,
        "p99": 0.19881599999985156
      },
      "memory": null
    },
    "physics-collision-50-entities": {
      "iterations": 20,
      "timing": {
        "min": 0.042952999999897656,
        "max": 0.27980200000001787,
        "mean": 0.10649790000001076,
        "median": 0.11019899999996596,
        "p95": 0.27980200000001787,
        "p99": 0.27980200000001787
      },
      "memory": null
    },
    "physics-collision-100-entities": {
      "iterations": 20,
      "timing": {
        "min": 0.06620799999996052,
        "max": 0.23774299999990944,
        "mean": 0.10670674999996663,
        "median": 0.09172599999988051,
        "p95": 0.23774299999990944,
        "p99": 0.23774299999990944
      },
      "memory": null
    },
    "physics-collision-200-entities": {
      "iterations": 20,
      "timing": {
        "min": 0.05661699999996017,
        "max": 0.2153289999998833,
        "mean": 0.1100879500000019,
        "median": 0.09996399999999994,
        "p95": 0.2153289999998833,
        "p99": 0.2153289999998833
      },
      "memory": null
    },
    "physics-collision-500-entities": {
      "iterations": 20,
      "timing": {
        "min": 0.09408299999995506,
        "max": 0.48306799999977557,
        "mean": 0.20815454999998337,
        "median": 0.1718620000001465,
        "p95": 0.48306799999977557,
        "p99": 0.48306799999977557
      },
      "memory": null
    },
    "rendering-sort-cull-100-sprites": {
      "iterations": 50,
      "timing": {
        "min": 0.015110999999933483,
        "max": 0.07673699999986638,
        "mean": 0.025659440000003995,
        "median": 0.021854999999959546,
        "p95": 0.06870800000001509,
        "p99": 0.07673699999986638
      },
      "memory": null
    },
    "rendering-sort-cull-500-sprites": {
      "iterations": 50,
      "timing": {
        "min": 0.049190999999837004,
        "max": 0.163579000000027,
        "mean": 0.07824216000001342,
        "median": 0.08215599999994083,
        "p95": 0.1428840000000946,
        "p99": 0.163579000000027
      },
      "memory": null
    },
    "rendering-sort-cull-1000-sprites": {
      "iterations": 50,
      "timing": {
        "min": 0.10150499999986096,
        "max": 0.198413999999957,
        "mean": 0.11269227999999658,
        "median": 0.10541000000011991,
        "p95": 0.15926100000001497,
        "p99": 0.198413999999957
      },
      "memory": null
    },
    "rendering-sort-cull-2000-sprites": {
      "iterations": 50,
      "timing": {
        "min": 0.2066890000000967,
        "max": 0.6241950000003271,
        "mean": 0.2306252399999812,
        "median": 0.2152699999996912,
        "p95": 0.29738499999984924,
        "p99": 0.6241950000003271
      },
      "memory": null
    },
    "rendering-layer-operations": {
      "iterations": 100,
      "timing": {
        "min": 0.022105999999894266,
        "max": 0.20731599999999162,
        "mean": 0.05752808000000186,
        "median": 0.06320199999981924,
        "p95": 0.07661700000016936,
        "p99": 0.20731599999999162
      },
      "memory": null
    },
    "asset-loading-json-parse-small": {
      "iterations": 100,
      "timing": {
        "min": 0.05468699999983073,
        "max": 0.11749699999973018,
        "mean": 0.06296978999999282,
        "median": 0.05787499999996726,
        "p95": 0.09442900000021837,
        "p99": 0.11749699999973018
      },
      "memory": null
    },
    "asset-loading-json-parse-large": {
      "iterations": 50,
      "timing": {
        "min": 0.8786019999997734,
        "max": 1.864455999999791,
        "mean": 0.9911123199999656,
        "median": 0.9447919999997794,
        "p95": 1.245867999999973,
        "p99": 1.864455999999791
      },
      "memory": null
    },
    "gameloop-full-update-100-entities": {
      "iterations": 10,
      "timing": {
        "min": 0.09735000000000582,
        "max": 0.21673899999996138,
        "mean": 0.1502492999999049,
        "median": 0.1699119999998402,
        "p95": 0.21673899999996138,
        "p99": 0.21673899999996138
      },
      "memory": null
    },
    "gameloop-full-update-500-entities": {
      "iterations": 10,
      "timing": {
        "min": 0.18743700000004537,