{
  "metadata": {
    "timestamp": "2025-10-31T22:57:30.220Z",
    "platform": "linux",
    "nodeVersion": "v22.19.0"
  },
  "benchmarks": {
    "entity-creation-10000": {
      "iterations": 10,
      "timing": {
        "min": 1.1969729999999998,
        "max": 2.560212000000007,
        "mean": 1.7011105999999985,
        "median": 1.5615349999999921,
        "p95": 2.560212000000007,
        "p99": 2.560212000000007
      },
      "memory": null
    },
    "entity-creation-with-components-1000": {
      "iterations": 10,
      "timing": {
        "min": 0.21318100000000584,
        "max": 0.7155810000000002,
        "mean": 0.3381309999999999,
        "median": 0.24972599999999545,
        "p95": 0.7155810000000002,
        "p99": 0.7155810000000002
      },
      "memory": null
    },
    "ecs-query-1000-entities": {
      "iterations": 100,
      "timing": {
        "min": 0.23349999999999227,
        "max": 1.1308799999999906,
        "mean": 0.33628369999999974,
        "median": 0.2676389999999884,
        "p95": 0.8090200000000038,
        "p99": 1.1308799999999906
      },
      "memory": null
    },
    "ecs-query-100-entities-cached": {
      "iterations": 50,
      "timing": {
        "min": 0.028995000000008986,
        "max": 0.31285599999998226,
        "mean": 0.04043574000000092,
        "median": 0.03049000000001456,
        "p95": 0.070699999999988,
        "p99": 0.31285599999998226
      },
      "memory": null
    },
    "ecs-query-500-entities-cached": {
      "iterations": 50,
      "timing": {
        "min": 0.0765829999999994,
        "max": 0.5931630000000041,
        "mean": 0.16034349999999847,
        "median": 0.1327940000000183,
        "p95": 0.4296120000000201,
        "p99": 0.5931630000000041
      },
      "memory": null
    },
    "ecs-query-1000-entities-cached": {
      "iterations": 50,
      "timing": {
        "min": 0.15144700000001876,
        "max": 0.6273319999999956,
        "mean": 0.2256828000000013,
        "median": 0.1697719999999947,
        "p95": 0.4927099999999882,
        "p99": 0.6273319999999956
      },
      "memory": null
    },
    "ecs-query-2000-entities-cached": {
      "iterations": 50,
      "timing": {
        "min": 0.31480700000000184,
        "max": 0.9263749999999789,
        "mean": 0.4383163000000036,
        "median": 0.3689449999999965,
        "p95": 0.7204150000000027,
        "p99": 0.9263749999999789
      },
      "memory": null
    },
    "component-access-1000-lookups": {
      "iterations": 50,
      "timing": {
        "min": 0.11344499999998447,
        "max": 1.2571069999999906,
        "mean": 0.2916487200000023,
        "median": 0.20655400000001123,
        "p95": 0.7872920000000079,
        "p99": 1.2571069999999906
      },
      "memory": null
    },
    "physics-movement-100-entities": {
      "iterations": 20,
      "timing": {
        "min": 0.08645500000000084,
        "max": 0.4282840000000192,
        "mean": 0.19550525000000363,
        "median": 0.1725110000000143,
        "p95": 0.4282840000000192,
        "p99": 0.4282840000000192
      },
      "memory": null
    },
    "physics-movement-500-entities": {
      "iterations": 20,
      "timing": {
        "min": 0.21922499999999445,
        "max": 0.9817130000000134,
        "mean": 0.3405597499999999,
        "median": 0.27059399999998845,
        "p95": 0.9817130000000134,
        "p99": 0.9817130000000134
      },
      "memory": null
    },
    "physics-movement-1000-entities": {
      "iterations": 20,
      "timing": {
        "min": 0.39664600000000405,
        "max": 1.8243839999999807,
        "mean": 0.5979387000000032,
        "median": 0.4463529999999878,
        "p95": 1.8243839999999807,
        "p99": 1.8243839999999807
      },
      "memory": null
    },
    "physics-collision-50-entities": {
      "iterations": 20,
      "timing": {
        "min": 0.2966100000000438,
        "max": 1.9953699999999799,
        "mean": 0.7692323499999987,
        "median": 0.6444299999999998,
        "p95": 1.9953699999999799,
        "p99": 1.9953699999999799
      },
      "memory": null
    },
    "physics-collision-100-entities": {
      "iterations": 20,
      "timing": {
        "min": 0.6863720000000058,
        "max": 1.6709800000000428,
        "mean": 0.9504129500000061,
        "median": 0.8807189999999991,
        "p95": 1.6709800000000428,
        "p99": 1.6709800000000428
      },
      "memory": null
    },
    "physics-collision-200-entities": {
      "iterations": 20,
      "timing": {
        "min": 1.4026989999999842,
        "max": 2.6816069999999854,
        "mean": 1.8558290499999912,
        "median": 1.7831390000000056,
        "p95": 2.6816069999999854,
        "p99": 2.6816069999999854
      },
      "memory": null
    },
    "physics-collision-500-entities": {
      "iterations": 20,
      "timing": {
        "min": 4.234860000000026,
        "max": 6.632354000000021,
        "mean": 5.047379900000001,
        "median": 5.055408999999997,
        "p95": 6.632354000000021,
        "p99": 6.632354000000021
      },
      "memory": null
    },
    "adaptive-audio-infiltration": {
      "iterations": 100,
      "timing": {
        "min": 0.11246799999997847,
        "max": 1.151909000000046,
        "mean": 0.2698105000000055,
        "median": 0.2414269999999874,
        "p95": 0.7290200000000482,
        "p99": 1.151909000000046
      },
      "memory": null,
      "transitionSample": [],
      "transitionCount": 0,
      "context": {
        "stateSequence": []
      }
    },
    "rendering-sort-cull-100-sprites": {
      "iterations": 50,
      "timing": {
        "min": 0.015768999999977495,
        "max": 0.5040950000000066,
        "mean": 0.03598999999999933,
        "median": 0.023826999999982945,
        "p95": 0.05368300000003501,
        "p99": 0.5040950000000066
      },
      "memory": null
    },
    "rendering-sort-cull-500-sprites": {
      "iterations": 50,
      "timing": {
        "min": 0.052123999999992066,
        "max": 0.22838400000000547,
        "mean": 0.09121325999999613,
        "median": 0.0847180000000094,
        "p95": 0.1277130000000284,
        "p99": 0.22838400000000547
      },
      "memory": null
    },
    "rendering-sort-cull-1000-sprites": {
      "iterations": 50,
      "timing": {
        "min": 0.10508600000002843,
        "max": 0.717597000000012,
        "mean": 0.13677892000000497,
        "median": 0.11037899999996625,
        "p95": 0.22682600000001685,
        "p99": 0.717597000000012
      },
      "memory": null
    },
    "rendering-sort-cull-2000-sprites": {
      "iterations": 50,
      "timing": {
        "min": 0.21651599999995597,
        "max": 0.7267689999999902,
        "mean": 0.24192415999999184,
        "median": 0.22591399999998885,
        "p95": 0.2651400000000308,
        "p99": 0.7267689999999902
      },
      "memory": null
    },
    "rendering-layer-operations": {
      "iterations": 100,
      "timing": {
        "min": 0.022758999999950902,
        "max": 0.24486400000000685,
        "mean": 0.0630068499999976,
        "median": 0.07007399999997688,
        "p95": 0.11619200000001229,
        "p99": 0.24486400000000685
      },
      "memory": null
    },
    "asset-loading-json-parse-small": {
      "iterations": 100,
      "timing": {
        "min": 0.060239000000024134,
        "max": 0.17785600000001978,
        "mean": 0.07018333000000211,
        "median": 0.06449399999996785,
        "p95": 0.1034310000000005,
        "p99": 0.17785600000001978
      },
      "memory": null
    },
    "asset-loading-json-parse-large": {
      "iterations": 50,
      "timing": {
        "min": 1.0744750000000067,
        "max": 2.1994949999999562,
        "mean": 1.3347237199999995,
        "median": 1.1722499999999627,
        "p95": 2.0424030000000357,
        "p99": 2.1994949999999562
      },
      "memory": null
    },
    "gameloop-full-update-100-entities": {
      "iterations": 10,