{
  "generatedAt": "2025-10-31T22:57:07.716Z",
  "parameters": {
    "nodeCounts": [
      60,
      120,
      180
    ],
    "iterations": 8
  },
  "results": [
    {
      "nodeCount": 60,
      "iterations": 8,
      "edgeCount": 117,
      "edgesPerNode": 1.95,
      "stats": {
        "min": 0.1434439999999988,
        "max": 1.348081999999998,
        "mean": 0.42858662499999856,
        "median": 0.2141259999999967,
        "p75": 0.46090899999999735,
        "p95": 1.348081999999998,
        "p99": 1.348081999999998
      },
      "budget": {
        "status": "pass",
        "budget": {
          "mean": 8,
          "max": 12
        }
      },
      "durations": [
        1.348081999999998,
        0.30979199999999807,
        0.21284199999999842,
        0.5324859999999987,
        0.20701200000000242,
        0.1434439999999988,
        0.2141259999999967,
        0.46090899999999735
      ]
    },
    {
      "nodeCount": 120,
      "iterations": 8,
      "edgeCount": 237,
      "edgesPerNode": 1.975,
      "stats": {
        "min": 0.27765799999999885,
        "max": 0.6500319999999995,
        "mean": 0.41469624999999954,
        "median": 0.3487320000000018,
        "p75": 0.48966700000000074,
        "p95": 0.6500319999999995,
        "p99": 0.6500319999999995
      },
      "budget": {
        "status": "pass",
        "budget": {
          "mean": 8,
          "max": 12
        }
      },
      "durations": [
        0.3487320000000018,
        0.48966700000000074,
        0.3048649999999995,
        0.6500319999999995,
        0.33445899999999895,
        0.27765799999999885,
        0.35703399999999874,
        0.5551229999999983
      ]
    },
    {
      "nodeCount": 180,
      "iterations": 8,
      "edgeCount": 357,
      "edgesPerNode": 1.9833333333333334,
      "stats": {
        "min": 0.2760399999999983,
        "max": 0.7020710000000001,
        "mean": 0.41582487499999976,
        "median": 0.3460870000000007,
        "p75": 0.4766779999999997,
        "p95": 0.7020710000000001,
        "p99": 0.7020710000000001
      },
      "budget": {
        "status": "pass",
        "budget": {
          "mean": 8,
          "max": 12
        }
      },
      "durations": [
        0.3460870000000007,
        0.4766779999999997,
        0.7020710000000001,
        0.4439600000000006,
        0.283099,
        0.5175640000000001,
        0.2810999999999986,
        0.2760399999999983
      ]
    }
  ],
  "summary": {
    "failures": 0,
    "warnings": 0,
    "passes": 3,
    "meanMax": 0.42858662499999856,
    "worstCase": 1.348081999999998
  }
}